pin_title,pin_description,blog_url,board,keywords,article_slug,pin_type
"5 Best Budget Wireless Earbuds Under $50 in 2026 | Tested & Ranked","We tested 12 budget earbuds & ranked the top 5 under $50. Best sound, battery & ANC at half the price of premium brands. #BudgetTech #WirelessEarbuds #BudgetEarbuds #TechPickr","https://techpickr.com/blog/best-budget-wireless-earbuds-2026","Best Audio Gadgets 2026","budget earbuds wireless earbuds under 50 best earbuds 2026 soundcore qcy","best-budget-wireless-earbuds-2026","best-of"
"Soundcore A3i vs QCY T13: Best Budget Earbuds Under $50 in 2026?","ANC or better call quality? We compare Soundcore A3i vs QCY T13 to find the best budget earbuds under $50. #EarbudComparison #BudgetAudio #WirelessEarbuds #TechPickr","https://techpickr.com/blog/best-budget-wireless-earbuds-2026","Best Audio Gadgets 2026","soundcore a3i qcy t13 budget earbuds comparison wireless earbuds 2026","best-budget-wireless-earbuds-2026","comparison"
"How to Choose Budget Wireless Earbuds in 2026 | Complete Buyer's Guide","Shopping for earbuds under $50? Here's what to look for: ANC, battery life, fit & sound quality. Don't waste money! #BuyingGuide #WirelessEarbuds #BudgetTech #TechPickr","https://techpickr.com/blog/best-budget-wireless-earbuds-2026","Best Audio Gadgets 2026","how to choose wireless earbuds buying guide budget earbuds 2026 anc","best-budget-wireless-earbuds-2026","buying-guide"
"Best Wireless Earbuds Under $50 | Budget Audio Picks 2026","Top wireless earbuds for under $50 that actually sound great. Real reviews, real prices — no overpaying required. #BudgetEarbuds #WirelessAudio #BudgetTech #TechPickr","https://techpickr.com/blog/best-budget-wireless-earbuds-2026","Best Audio Gadgets 2026","best wireless earbuds under 50 budget audio deals earbuds 2026","best-budget-wireless-earbuds-2026","value-deal"
"5 Best Budget Mechanical Keyboards Under $100 in 2026 | Tested","Hot-swap, wireless & QMK under $100? We tested 5 budget mechanical keyboards that punch way above their price. #MechanicalKeyboard #BudgetTech #HomeOffice #TechPickr","https://techpickr.com/blog/best-budget-mechanical-keyboards-2026","Home Office Tech Setup","budget mechanical keyboard under 100 hot swap keychron ajazz 2026","best-budget-mechanical-keyboards-2026","best-of"
"Keychron C2 Pro vs Ajazz AK820 Pro: Best Budget Mech Keyboard?","Wired full-size or wireless 75%? We compare Keychron C2 Pro vs Ajazz AK820 Pro for the best budget mechanical keyboard under $100. #MechKeyboard #Keychron #BudgetTech #TechPickr","https://techpickr.com/blog/best-budget-mechanical-keyboards-2026","Home Office Tech Setup","keychron c2 pro ajazz ak820 pro mechanical keyboard comparison budget","best-budget-mechanical-keyboards-2026","comparison"
"How to Choose a Mechanical Keyboard Under $100 in 2026 | Buyer's Guide","Hot-swap, QMK, wireless — what matters when buying a budget mechanical keyboard? This guide breaks it all down before you buy. #MechanicalKeyboard #BuyingGuide #HomeOffice #TechPickr","https://techpickr.com/blog/best-budget-mechanical-keyboards-2026","Home Office Tech Setup","how to choose mechanical keyboard buying guide hot swap qmk wireless 2026","best-budget-mechanical-keyboards-2026","buying-guide"
"Best Mechanical Keyboard Under $100 | Budget Mech Picks 2026","These 5 budget mechanical keyboards under $100 have hot-swap, great switches & pro features. Real value, no compromise. #BudgetKeyboard #MechKeyboard #BudgetTech #TechPickr","https://techpickr.com/blog/best-budget-mechanical-keyboards-2026","Home Office Tech Setup","best mechanical keyboard under 100 budget mech keyboard deals 2026","best-budget-mechanical-keyboards-2026","value-deal"
"5 Best Laptops Under $800 in 2026 | Top Picks Tested & Ranked","From OLED displays to RTX 4060 gaming — 5 best laptops under $800 in 2026. All with 16GB RAM, fast SSDs & real performance. #BestLaptops #BudgetLaptop #Laptop2026 #TechPickr","https://techpickr.com/blog/best-laptops-under-800-2026","Best Laptops & Tablets 2026","best laptops under 800 budget laptop 2026 lenovo asus macbook air m4","best-laptops-under-800-2026","best-of"
"MacBook Air M4 vs ASUS TUF Gaming A15: Best Laptop Under $800?","Apple ecosystem or Windows gaming beast? Compare MacBook Air M4 vs ASUS TUF A15 for the best laptop under $800 in 2026. #MacBookAir #ASUSTUF #BestLaptops #TechPickr","https://techpickr.com/blog/best-laptops-under-800-2026","Best Laptops & Tablets 2026","macbook air m4 asus tuf a15 laptop comparison under 800 2026","best-laptops-under-800-2026","comparison"
"How to Choose a Laptop Under $800 in 2026 | Complete Buyer's Guide","Gaming, productivity or portability? Here's how to pick the right laptop under $800 in 2026 without overpaying or getting the wrong specs. #LaptopGuide #BudgetLaptop #BestLaptops #TechPickr","https://techpickr.com/blog/best-laptops-under-800-2026","Best Laptops & Tablets 2026","how to choose laptop under 800 buying guide budget laptop 2026 gaming productivity","best-laptops-under-800-2026","buying-guide"
"Best Laptops Under $800 | Real Performance Picks for 2026","These 5 laptops under $800 pack 16GB RAM, fast NVMe SSDs & powerful processors. Best value picks tested & ranked in 2026. #BudgetLaptop #LaptopDeals #BestLaptops #TechPickr","https://techpickr.com/blog/best-laptops-under-800-2026","Best Laptops & Tablets 2026","best laptops under 800 laptop deals value picks 2026 rtx 4060","best-laptops-under-800-2026","value-deal"
"5 Best Gaming Monitors Under $400 in 2026 | QHD Picks Tested","Mini LED, 180Hz+, 1440p QHD under $400? We tested 5 gaming monitors delivering next-level visuals for the price in 2026. #GamingMonitor #QHD #BudgetGaming #TechPickr","https://techpickr.com/blog/best-gaming-monitors-under-400-2026","Home Office Tech Setup","best gaming monitors under 400 qhd 1440p mini led 180hz 2026","best-gaming-monitors-under-400-2026","best-of"
"AOC Q27G3XMN vs Acer Nitro XV275U: Best Gaming Monitor Under $400?","$299 Mini LED vs $380 QD-MiniLED — which gaming monitor is the better buy under $400 in 2026? We compare every spec. #GamingMonitor #AOC #AcerNitro #TechPickr","https://techpickr.com/blog/best-gaming-monitors-under-400-2026","Home Office Tech Setup","aoc q27g3xmn acer nitro xv275u gaming monitor comparison under 400 2026","best-gaming-monitors-under-400-2026","comparison"
"How to Choose a Gaming Monitor Under $400 in 2026 | Buyer's Guide","Panel type, refresh rate, HDR, response time — what matters in a gaming monitor under $400? We explain it all clearly. #GamingMonitor #BuyingGuide #PCGaming #TechPickr","https://techpickr.com/blog/best-gaming-monitors-under-400-2026","Home Office Tech Setup","how to choose gaming monitor under 400 buying guide qhd refresh rate hdr 2026","best-gaming-monitors-under-400-2026","buying-guide"
"Best Gaming Monitor Under $400 | QHD 1440p Picks for 2026","Get 1440p, 165Hz+ and true HDR without spending $500+. These 5 gaming monitors are the best value picks under $400 in 2026. #BudgetGaming #GamingMonitor #QHD #TechPickr","https://techpickr.com/blog/best-gaming-monitors-under-400-2026","Home Office Tech Setup","best gaming monitor under 400 qhd 1440p budget gaming monitor deals 2026","best-gaming-monitors-under-400-2026","value-deal"
